categorie,vraag,optie_a,optie_b,optie_c,optie_d,correcte_optie
Logisch redeneren,Wat volgt logisch uit: alle honden zijn zoogdieren en geen enkel zoogdier is een vogel?,Alle honden zijn vogels,Sommige honden zijn vogels,Geen hond is een vogel,Alle vogels zijn honden,C
Logisch redeneren,"Als 3 = 6, 4 = 8, 5 = 10, wat is dan 6?",12,11,13,10,A
Taalvaardigheid,Wat is het juiste meervoud van 'museum'?,museums,musea,museumen,museën,B
Taalvaardigheid,Welke zin is correct?,Hij wilt graag mee,Hun hebben gewonnen,Zij hebben het gedaan,Me moeder komt ook,C
Rekenen,Wat is 15% van 200?,30,25,35,20,A
Rekenen,"Wat is het gemiddelde van 4, 8, 6 en 2?",5,4.5,6,7,A
Algemene kennis,Wat is de hoofdstad van Portugal?,Madrid,Barcelona,Lissabon,Porto,C
Algemene kennis,Wie schreef 'De avonden'?,Willem Frederik Hermans,Harry Mulisch,Gerard Reve,Multatuli,C
